"Monat";"Bewerbung / Eingang";"Firma";"Stelle";"Status";"Absage am";"Nachweis Eingang";"Nachweis Outcome";"Bemerkung"
"September";"05.10.2026";"Open Circle";"CSM";"Offen";"";"";"";""
"Juli";"01.07.2026";"Timly";"Customer Success Manager";"Absage";"07.08.2026";"";"https://mail.google.com/mail/u/1/#search/timly/FMfcgzQhVhjbJXwcHkQTxkRPgCQHbTdJ";""
"Juli";"01.07.2026";"Supertext";"Customer Success Manager";"Absage";"30.07.2026";"";"https://mail.google.com/mail/u/1/#search/Supertext/FMfcgzQhVhXMVVVWzRBzFsvwgxrTxklg";""
"Juli";"06.07.2026";"JobCloud";"Client Success Specialist";"Absage";"";"https://mail.google.com/mail/u/1/#search/jobcloud/FMfcgzQgMgQDPBrgkhdfNPchfcqvTQrQ";"";""
"Juli";"06.07.2026";"Nexxiot";"Customer Success Agent";"Absage";"14.07.2026";"https://mail.google.com/mail/u/1/#search/Nexxiot/FMfcgzQhVNZkwQxJWSgMbXqJnmTxPflc";"";""
"Juli";"04.07.2026";"Kanton Luzern";"IT-Supporter/in & Applikationsmanager/in (a)";"Absage";"06.07.2026";"https://mail.google.com/mail/u/1/#inbox/FMfcgzQgMgQDNxcCKRrJfGJPFrmgJSnM";"";""
"Juli";"04.07.2026";"Salesforce";"Customer Success Manager";"Absage";"03.09.2026";"https://mail.google.com/mail/u/1/#search/Sales+Force/FMfcgzQhWLJHbgcDZlHmdhBvhJxxDtMQ";"";""
"Juli";"04.07.2026";"Compass Group";"Customer Success Manager";"Absage";"08.07.2026";"https://mail.google.com/mail/u/1/#search/Compass+Group/FMfcgzQhVNRncGcVnZDgMzFdhgDzNBSC";"";""
"August";"15.08.2026";"Deepgram";"Customer Success Manager";"Keine Antwort";"";"https://mail.google.com/mail/u/1/#search/Deepgram/FMfcgzQhVrJSMSdQFWVjMFfrvtKzmzML";"";""
"August";"15.08.2026";"jrni";"Customer Success Manager";"Absage";"";"https://mail.google.com/mail/u/1/#search/acutinello%40jrni.com/KtbxLrjNXLHKtpRqnFTbtxJtbkwFlGcrbV";"";""
"August";"15.08.2026";"Ahead Health";"Customer Success & Support Specialist";"Absage";"09.09.2026";"https://mail.google.com/mail/u/1/#search/ahead/FMfcgzQhWBccWcwClZVRCltnMQhstVCQ";"";""
"August";"11.08.2026";"FLOWIT";"Senior Customer Success Manager";"Absage";"14.08.2026";"https://mail.google.com/mail/u/1/#search/flowit/FMfcgzQhVrGCWplhVwLxknxfQrQgwfsx";"";""
"August";"11.08.2026";"Kaulquappe";"Customer Success Manager";"Absage";"12.08.2026";"https://mail.google.com/mail/u/1/#search/Kaulkuappe/KtbxLvHSzNxwlfcmwsBszKnLSmxHbPVBbV";"";""
"August";"11.08.2026";"Bottomline";"Customer Success Manager";"Keine Antwort";"";"https://mail.google.com/mail/u/1/#search/Bottomline/FMfcgzQhVrChtqCPVfwvlHGqrXLCVcxK";"";""
"August";"11.08.2026";"Alcom";"Customer Success Manager";"Keine Antwort";"";"https://mail.google.com/mail/u/1/#search/Alcom/FMfcgzQhVrChtqChsJKRMXRcTzrqTDNv";"";""
"August";"11.08.2026";"Michael Page";"CRM & Customer Engagement Manager (m/w/d)";"Keine Antwort";"";"https://mail.google.com/mail/u/1/#search/Michael+Page/FMfcgzQhVrCjDvpMpqLdhkhrmkdBBKlX";"";""
"August";"04.08.2026";"Xelon";"Account Manager";"Absage";"05.08.2026";"https://mail.google.com/mail/u/1/#search/Xelon/FMfcgzQhVhgGxxBjLBLpXttTbvcdnCXr";"";""
"August";"04.08.2026";"AMAG";"Kundenportfoliomanager/-in";"Absage";"06.08.2026";"https://mail.google.com/mail/u/1/#search/amag/FMfcgzQhVhgGxzHRVzdrXnlrvDGjPrph";"";""
"August";"04.08.2026";"Imnoo AG";"Senior Customer Success Manager";"Absage";"";"https://mail.google.com/mail/u/1/#search/Imnoo+Ag/FMfcgzQhVhgGzBQRvGwcXrcRwCvLCnWR";"";""
"September";"11.09.2026";"Lexian AG";"Spezialist:in Applikationssupport & Kundenbetreuung 60%–100% (m/w)";"Offen";"";"https://mail.google.com/mail/u/1/#inbox/FMfcgzQhWThzfhxCZhlJTTHGHpvjFjNq";"";""
"September";"11.09.2026";"emonitor AG";"Customer Success Manager";"Offen";"";"https://mail.google.com/mail/u/1/#inbox/FMfcgzQhWThznnlcmkqpTHSZfvTKwHhR";"";""
"September";"11.09.2026";"remotepass";"Customer Success Manager";"Offen";"";"https://mail.google.com/mail/u/1/#inbox/FMfcgzQhWThznpsQBKTVHKhxqqxghPMS";"";""
"September";"11.09.2026";"Fidectus";"Customer Success Manager";"Offen";"";"https://mail.google.com/mail/u/1/#inbox/FMfcgzQhWThznqzbdjrhlqvnBrpljfdB";"";""
"September";"11.09.2026";"Palisis";"Junior Customer Success Manager";"Offen";"";"https://mail.google.com/mail/u/1/#search/Palisis/QgrcJHrhxnfDqtTFhNbkRHBxKLDSpXQTWFl";"";""
"September";"11.09.2026";"Neuronetix";"1st Level Support";"Offen";"";"https://mail.google.com/mail/u/1/#search/Neuronetix/QgrcJHsbdJHVVRLtVhfQFhTgVlDvFZhmbPq";"";""
"September";"14.09.2026";"ElevenLabs";"CSM";"Absage";"";"https://mail.google.com/mail/u/1/#inbox/FMfcgzQhWTmbbmkrDRkNdgzwdmmDRvzh";"";""
"September";"14.09.2026";"Jobgether";"CSM";"Offen";"";"https://mail.google.com/mail/u/1/#inbox/FMfcgzQhWTmbbmlvPlxrsxMHgTDpwHpl";"";""
"September";"14.09.2026";"LatticeFlowAI";"CSM";"Offen";"";"https://mail.google.com/mail/u/1/#inbox/FMfcgzQhWTmbbnrwhwpvgSVxmhmFgDfj";"";""
"September";"14.09.2026";"Frontify";"CSM";"Absage";"";"https://mail.google.com/mail/u/1/#inbox/FMfcgzQhWTmbbnsGwdjGZhzBCclGjfTh";"";""
"September";"14.09.2026";"Flowable";"CSM";"Offen";"";"https://mail.google.com/mail/u/1/#inbox/FMfcgzQhWTmbbnsZSCgQkHZBKmRTqchV";"";""
"September";"17.09.2026";"Enterprise Bot";"CSM";"Offen";"";"https://mail.google.com/mail/u/1/#inbox/FMfcgzQhWTrDKnKqhTlcDqqJNFgrDKTk";"";""
"September";"17.09.2026";"cloudbeds";"Mid Market Onboarding Coach";"Offen";"";"https://mail.google.com/mail/u/1/#inbox/FMfcgzQhWTrDKpRwPMmBrntjQPHWQwxK";"";""
"September";"22.09.2026";"Finastra";"CSM";"Offen";"";"https://mail.google.com/mail/u/1/#inbox/FMfcgzQhWfLLZDzNzSWMPqpTZwFhBHhP";"";""
"September";"22.09.2026";"Alparis";"Lead Customer Experience & Support (m/w/d) 100% Remote";"Offen";"";"";"";""